[
{
    "model": "users.user",
    "pk": 1,
    "fields": {
        "password": "pbkdf2_sha256$600000$3q1WdpXpIX6DbMy1SwM6GD$9gF2NRIzS/xjSa7LIslCTaGiq3Ej2NXjbnuuxGCfqkE=",
        "last_login": "2024-04-11T11:25:15.748Z",
        "is_superuser": true,
        "username": "admin",
        "email": "",
        "is_staff": true,
        "is_active": true,
        "date_joined": "2024-04-11T11:21:16.662Z",
        "first_name": "Abel",
        "middle_name": "Gashaw",
        "last_name": "Ayalew",
        "is_first_time_login": true,
        "groups": [],
        "user_permissions": []
    }
},
{
    "model": "rbac.module",
    "pk": "da052e24-2bea-4731-832d-f3a7db653bf0",
    "fields": {
        "created_at": "2024-04-11T11:20:32.770Z",
        "updated_at": "2024-04-11T11:20:32.770Z",
        "name": "User Management"
    }
},
{
    "model": "rbac.permission",
    "pk": "066324d8-eb8d-4b1a-8685-e52fc690fb42",
    "fields": {
        "created_at": "2024-04-11T11:20:32.775Z",
        "updated_at": "2024-04-11T11:20:32.775Z",
        "name": "can_update_faculty_admin",
        "module": "da052e24-2bea-4731-832d-f3a7db653bf0"
    }
},
{
    "model": "rbac.permission",
    "pk": "168bc78a-5b9a-443e-b93a-e74b5697453c",
    "fields": {
        "created_at": "2024-04-11T11:20:32.776Z",
        "updated_at": "2024-04-11T11:20:32.776Z",
        "name": "can_update_teacher",
        "module": "da052e24-2bea-4731-832d-f3a7db653bf0"
    }
},
{
    "model": "rbac.permission",
    "pk": "168fe233-b799-410a-ab9f-13150f90f82b",
    "fields": {
        "created_at": "2024-04-11T11:20:32.777Z",
        "updated_at": "2024-04-11T11:20:32.777Z",
        "name": "can_delete_faculty_admin",
        "module": "da052e24-2bea-4731-832d-f3a7db653bf0"
    }
},
{
    "model": "rbac.permission",
    "pk": "23437c79-6316-45db-a5fb-62c31b0dadf1",
    "fields": {
        "created_at": "2024-04-11T11:20:32.773Z",
        "updated_at": "2024-04-11T11:20:32.773Z",
        "name": "can_create_student",
        "module": "da052e24-2bea-4731-832d-f3a7db653bf0"
    }
},
{
    "model": "rbac.permission",
    "pk": "4da91b35-2bb0-497c-b59d-460fe49ddb94",
    "fields": {
        "created_at": "2024-04-11T11:20:32.772Z",
        "updated_at": "2024-04-11T11:20:32.772Z",
        "name": "can_create_faculty_admin",
        "module": "da052e24-2bea-4731-832d-f3a7db653bf0"
    }
},
{
    "model": "rbac.permission",
    "pk": "684e7cb6-4215-4826-b90f-674fb33389f5",
    "fields": {
        "created_at": "2024-04-11T11:20:32.777Z",
        "updated_at": "2024-04-11T11:20:32.777Z",
        "name": "can_retrieve_teacher",
        "module": "da052e24-2bea-4731-832d-f3a7db653bf0"
    }
},
{
    "model": "rbac.permission",
    "pk": "981ca3e1-f2a2-4aec-ae2e-55f93d75342f",
    "fields": {
        "created_at": "2024-04-11T11:20:32.778Z",
        "updated_at": "2024-04-11T11:20:32.778Z",
        "name": "can_delete_student",
        "module": "da052e24-2bea-4731-832d-f3a7db653bf0"
    }
},
{
    "model": "rbac.permission",
    "pk": "9d872524-7a61-4e11-8251-56f04c7cf536",
    "fields": {
        "created_at": "2024-04-11T11:20:32.774Z",
        "updated_at": "2024-04-11T11:20:32.774Z",
        "name": "can_create_teacher",
        "module": "da052e24-2bea-4731-832d-f3a7db653bf0"
    }
},
{
    "model": "rbac.permission",
    "pk": "c1ba6a81-2ce8-4f70-877f-3655492de4db",
    "fields": {
        "created_at": "2024-04-11T11:20:32.775Z",
        "updated_at": "2024-04-11T11:20:32.775Z",
        "name": "can_update_student",
        "module": "da052e24-2bea-4731-832d-f3a7db653bf0"
    }
},
{
    "model": "rbac.permission",
    "pk": "cc11b99e-d8d3-4a43-8b46-aa482ad886ae",
    "fields": {
        "created_at": "2024-04-11T11:20:32.778Z",
        "updated_at": "2024-04-11T11:20:32.778Z",
        "name": "can_delete_teacher",
        "module": "da052e24-2bea-4731-832d-f3a7db653bf0"
    }
},
{
    "model": "rbac.permission",
    "pk": "d2aaae67-8c76-406c-b20c-8d6b811bb1f1",
    "fields": {
        "created_at": "2024-04-11T11:20:32.776Z",
        "updated_at": "2024-04-11T11:20:32.776Z",
        "name": "can_retrieve_faculty_admin",
        "module": "da052e24-2bea-4731-832d-f3a7db653bf0"
    }
},
{
    "model": "rbac.permission",
    "pk": "fa04621f-e479-486a-9a19-96add05ab6f5",
    "fields": {
        "created_at": "2024-04-11T11:20:32.777Z",
        "updated_at": "2024-04-11T11:20:32.777Z",
        "name": "can_retrieve_student",
        "module": "da052e24-2bea-4731-832d-f3a7db653bf0"
    }
},
{
    "model": "rbac.role",
    "pk": "2a5454a1-cc04-4e70-a337-62632222789a",
    "fields": {
        "created_at": "2024-04-11T11:20:32.786Z",
        "updated_at": "2024-04-11T11:20:32.791Z",
        "name": "Faculty Admin",
        "permissions": [
            "981ca3e1-f2a2-4aec-ae2e-55f93d75342f",
            "684e7cb6-4215-4826-b90f-674fb33389f5",
            "fa04621f-e479-486a-9a19-96add05ab6f5",
            "9d872524-7a61-4e11-8251-56f04c7cf536",
            "c1ba6a81-2ce8-4f70-877f-3655492de4db",
            "168bc78a-5b9a-443e-b93a-e74b5697453c",
            "23437c79-6316-45db-a5fb-62c31b0dadf1",
            "cc11b99e-d8d3-4a43-8b46-aa482ad886ae"
        ]
    }
},
{
    "model": "rbac.role",
    "pk": "384e00fa-f3cb-4074-9f25-14a25b42bfb5",
    "fields": {
        "created_at": "2024-04-11T11:20:32.779Z",
        "updated_at": "2024-04-11T11:20:32.784Z",
        "name": "Super Admin",
        "permissions": [
            "981ca3e1-f2a2-4aec-ae2e-55f93d75342f",
            "684e7cb6-4215-4826-b90f-674fb33389f5",
            "168fe233-b799-410a-ab9f-13150f90f82b",
            "fa04621f-e479-486a-9a19-96add05ab6f5",
            "9d872524-7a61-4e11-8251-56f04c7cf536",
            "d2aaae67-8c76-406c-b20c-8d6b811bb1f1",
            "4da91b35-2bb0-497c-b59d-460fe49ddb94",
            "168bc78a-5b9a-443e-b93a-e74b5697453c",
            "c1ba6a81-2ce8-4f70-877f-3655492de4db",
            "066324d8-eb8d-4b1a-8685-e52fc690fb42",
            "23437c79-6316-45db-a5fb-62c31b0dadf1",
            "cc11b99e-d8d3-4a43-8b46-aa482ad886ae"
        ]
    }
},
{
    "model": "rbac.role",
    "pk": "665db6c1-be4d-4120-8d18-b9188a90f514",
    "fields": {
        "created_at": "2024-04-11T11:20:32.795Z",
        "updated_at": "2024-04-11T11:20:32.797Z",
        "name": "Student",
        "permissions": []
    }
},
{
    "model": "rbac.role",
    "pk": "b58f19ff-4489-4929-80aa-c2bcf7adfcff",
    "fields": {
        "created_at": "2024-04-11T11:20:32.792Z",
        "updated_at": "2024-04-11T11:20:32.794Z",
        "name": "Teacher",
        "permissions": []
    }
},
{
    "model": "entities.faculty",
    "pk": "854d6e1f-a968-4e3d-b11a-5f5f74ac00ad",
    "fields": {
        "created_at": "2024-04-11T11:20:32.483Z",
        "updated_at": "2024-04-11T11:20:32.483Z",
        "name": "FACULTY OF COMPUTING",
        "description": "Faculty dedicated to computing disciplines."
    }
},
{
    "model": "entities.department",
    "pk": "25774be0-5b2b-42b4-bc9a-a68e45af6eaf",
    "fields": {
        "created_at": "2024-04-11T11:20:32.486Z",
        "updated_at": "2024-04-11T11:20:32.486Z",
        "name": "SOFTWARE ENGINEERING",
        "description": "Department of Software Engineering",
        "faculty": "854d6e1f-a968-4e3d-b11a-5f5f74ac00ad"
    }
},
{
    "model": "entities.department",
    "pk": "6c7b40ea-986c-41a5-aa73-d18b43138de0",
    "fields": {
        "created_at": "2024-04-11T11:20:32.486Z",
        "updated_at": "2024-04-11T11:20:32.486Z",
        "name": "INFORMATION TECHNOLOGY",
        "description": "Department of Information Technology",
        "faculty": "854d6e1f-a968-4e3d-b11a-5f5f74ac00ad"
    }
},
{
    "model": "entities.department",
    "pk": "a93e6daa-6521-48ee-ad51-8ad25ea92e8f",
    "fields": {
        "created_at": "2024-04-11T11:20:32.487Z",
        "updated_at": "2024-04-11T11:20:32.487Z",
        "name": "INFORMATION SYSTEMS",
        "description": "Department of Information Systems",
        "faculty": "854d6e1f-a968-4e3d-b11a-5f5f74ac00ad"
    }
},
{
    "model": "entities.department",
    "pk": "e4b6f747-6ca4-468d-98aa-4ad178c68797",
    "fields": {
        "created_at": "2024-04-11T11:20:32.484Z",
        "updated_at": "2024-04-11T11:20:32.484Z",
        "name": "COMPUTER SCIENCE",
        "description": "Department of Computer Science",
        "faculty": "854d6e1f-a968-4e3d-b11a-5f5f74ac00ad"
    }
},
{
    "model": "entities.department",
    "pk": "e73fb16f-2ca0-4cd6-a596-eda0e5dce80f",
    "fields": {
        "created_at": "2024-04-11T11:20:32.488Z",
        "updated_at": "2024-04-11T11:20:32.488Z",
        "name": "CYBER SECURITY",
        "description": "Department of Cyber Security",
        "faculty": "854d6e1f-a968-4e3d-b11a-5f5f74ac00ad"
    }
},
{
    "model": "forum.post",
    "pk": "01f7b23d-b750-47c5-8aa2-22b82c3200b4",
    "fields": {
        "created_at": "2024-04-11T11:26:54.294Z",
        "updated_at": "2024-04-11T11:26:54.294Z",
        "user": [
            "admin"
        ],
        "body": "This is the third question body",
        "vote_count": 0
    }
},
{
    "model": "forum.post",
    "pk": "02800d45-c34d-4cb5-99b9-fa21fab32005",
    "fields": {
        "created_at": "2024-04-11T12:29:24.559Z",
        "updated_at": "2024-04-11T12:29:24.559Z",
        "user": [
            "admin"
        ],
        "body": "second answer to first question by the same user",
        "vote_count": 0
    }
},
{
    "model": "forum.post",
    "pk": "53860231-a2d1-44f3-b427-446210bc23d6",
    "fields": {
        "created_at": "2024-04-11T12:28:38.579Z",
        "updated_at": "2024-04-11T12:28:38.579Z",
        "user": [
            "admin"
        ],
        "body": "first answer to first question",
        "vote_count": 0
    }
},
{
    "model": "forum.post",
    "pk": "6691ec09-9f27-4405-bc34-10f3b8e16528",
    "fields": {
        "created_at": "2024-04-11T12:29:06.305Z",
        "updated_at": "2024-04-11T12:29:06.305Z",
        "user": [
            "admin"
        ],
        "body": "first answer to first question",
        "vote_count": 0
    }
},
{
    "model": "forum.post",
    "pk": "6a12a981-0d23-4c37-aa33-ef0a61de9745",
    "fields": {
        "created_at": "2024-04-11T11:26:41.734Z",
        "updated_at": "2024-04-11T11:26:41.734Z",
        "user": [
            "admin"
        ],
        "body": "This is the second question body",
        "vote_count": 0
    }
},
{
    "model": "forum.post",
    "pk": "ff91f1ce-93cf-4fc0-a59d-70056ee39416",
    "fields": {
        "created_at": "2024-04-11T11:26:28.812Z",
        "updated_at": "2024-04-11T11:26:28.812Z",
        "user": [
            "admin"
        ],
        "body": "This is the first question body",
        "vote_count": 0
    }
},
{
    "model": "forum.question",
    "pk": "3ca56f2d-6b4a-41ca-b47f-abd32a1ff3d6",
    "fields": {
        "created_at": "2024-04-11T11:26:54.297Z",
        "updated_at": "2024-04-11T11:26:54.297Z",
        "post": "01f7b23d-b750-47c5-8aa2-22b82c3200b4",
        "title": "third question",
        "is_answered": false,
        "is_closed": false,
        "view_count": 0,
        "answer_count": 0,
        "accepted_answer": null,
        "slug": "third-question-1712834814",
        "tags": [
            "1cb6d2bd-b762-4d74-a8fa-e997ede4337e"
        ]
    }
},
{
    "model": "forum.question",
    "pk": "3dc47963-4a39-403b-afc3-27bd9ce818ab",
    "fields": {
        "created_at": "2024-04-11T11:26:41.737Z",
        "updated_at": "2024-04-11T11:26:41.737Z",
        "post": "6a12a981-0d23-4c37-aa33-ef0a61de9745",
        "title": "second question",
        "is_answered": false,
        "is_closed": false,
        "view_count": 0,
        "answer_count": 0,
        "accepted_answer": null,
        "slug": "second-question-1712834801",
        "tags": [
            "c5e5543e-2c82-4c8a-9504-cfad4e50266b",
            "4cbeac69-4ab9-488c-8a53-b78f7182019d"
        ]
    }
},
{
    "model": "forum.question",
    "pk": "ab0a35fa-3354-4994-b779-4ae01c4dd9c0",
    "fields": {
        "created_at": "2024-04-11T11:26:28.815Z",
        "updated_at": "2024-04-11T11:26:28.815Z",
        "post": "ff91f1ce-93cf-4fc0-a59d-70056ee39416",
        "title": "first question",
        "is_answered": false,
        "is_closed": false,
        "view_count": 0,
        "answer_count": 0,
        "accepted_answer": null,
        "slug": "first-question-1712834788",
        "tags": [
            "1cb6d2bd-b762-4d74-a8fa-e997ede4337e",
            "aec3a09b-6b78-414d-b2b0-d2e995f9ecbc",
            "8e524576-e5f2-4be5-8db1-d07861e2b64e"
        ]
    }
},
{
    "model": "forum.answer",
    "pk": "10730169-ba80-41f3-8bee-4c24f1bbb41a",
    "fields": {
        "created_at": "2024-04-11T12:29:06.309Z",
        "updated_at": "2024-04-11T12:29:06.309Z",
        "post": "6691ec09-9f27-4405-bc34-10f3b8e16528",
        "question": "ab0a35fa-3354-4994-b779-4ae01c4dd9c0",
        "is_accepted": false
    }
},
{
    "model": "forum.answer",
    "pk": "4785d3ae-f37d-4699-924e-5fd458464e1a",
    "fields": {
        "created_at": "2024-04-11T12:29:24.562Z",
        "updated_at": "2024-04-11T12:29:24.562Z",
        "post": "02800d45-c34d-4cb5-99b9-fa21fab32005",
        "question": "ab0a35fa-3354-4994-b779-4ae01c4dd9c0",
        "is_accepted": false
    }
},
{
    "model": "forum.tag",
    "pk": "1cb6d2bd-b762-4d74-a8fa-e997ede4337e",
    "fields": {
        "created_at": "2024-04-11T11:25:43.174Z",
        "updated_at": "2024-04-11T11:25:43.174Z",
        "name": "postgres"
    }
},
{
    "model": "forum.tag",
    "pk": "4cbeac69-4ab9-488c-8a53-b78f7182019d",
    "fields": {
        "created_at": "2024-04-11T11:25:47.908Z",
        "updated_at": "2024-04-11T11:25:47.908Z",
        "name": "react"
    }
},
{
    "model": "forum.tag",
    "pk": "8e524576-e5f2-4be5-8db1-d07861e2b64e",
    "fields": {
        "created_at": "2024-04-11T11:25:34.391Z",
        "updated_at": "2024-04-11T11:25:34.391Z",
        "name": "python"
    }
},
{
    "model": "forum.tag",
    "pk": "aec3a09b-6b78-414d-b2b0-d2e995f9ecbc",
    "fields": {
        "created_at": "2024-04-11T11:25:37.881Z",
        "updated_at": "2024-04-11T11:25:37.881Z",
        "name": "backend"
    }
},
{
    "model": "forum.tag",
    "pk": "b41690a7-3bba-44e7-ae30-28770e227810",
    "fields": {
        "created_at": "2024-04-11T11:25:30.341Z",
        "updated_at": "2024-04-11T11:25:30.341Z",
        "name": "django"
    }
},
{
    "model": "forum.tag",
    "pk": "c5e5543e-2c82-4c8a-9504-cfad4e50266b",
    "fields": {
        "created_at": "2024-04-11T11:25:45.467Z",
        "updated_at": "2024-04-11T11:25:45.467Z",
        "name": "node"
    }
}
]
